File Name,Total Error Number,Spelling Error Number,Grammar Error Number,Punctuation Error Number,Syntax Error Number,Style Error Number,Other Error Number
AMOW Wadih Tannous NESA.docx,0,0,0,0,0,0,0
1 - Coraline Conventions (1).docx,9,2,1,0,4,1,1
1 - Coraline Conventions.docx,0,0,0,0,0,0,0
3 - Coraline Scene Analysis-other mother transformation.docx,17,2,6,1,6,2,0
elie speech.docx,11,0,0,1,7,3,0
Elies english essay.docx,17,3,9,0,2,2,1
English Assignment.docx,18,0,5,0,3,7,3
Key verbs exam questions (1).docx,5,1,0,1,2,0,1
Literary Techniques (1).docx,17,2,2,1,7,3,2
Speech For English.docx,17,0,2,0,5,9,1
wadih english submission.docx,4,2,2,0,0,0,0
Year 10 English Task 1 2020- Final.docx,2,0,2,0,0,0,0
Act 1 Scene 5 summary.docx,25,0,4,2,14,4,1
Act 2 Summary and Cloze Passage.doc,Error reading file,Error reading file,Error reading file,Error reading file,Error reading file,Error reading file,Error reading file
ACT 3 SCENE 3.docx,Error reading file,Error reading file,Error reading file,Error reading file,Error reading file,Error reading file,Error reading file
Act 3 Summary and Cloze Passage (1).doc,7,0,2,0,4,1,0
Act 3 Summary and Cloze Passage.doc,Error reading file,Error reading file,Error reading file,Error reading file,Error reading file,Error reading file,Error reading file
Act 3 Summary and Cloze Passage.docx,Error reading file,Error reading file,Error reading file,Error reading file,Error reading file,Error reading file,Error reading file
At the king.docx,Error reading file,Error reading file,Error reading file,Error reading file,Error reading file,Error reading file,Error reading file
English Study Notes (1).docx,Error reading file,Error reading file,Error reading file,Error reading file,Error reading file,Error reading file,Error reading file
english terms for entrance exam.docx,19,3,4,1,3,6,2
Entire macbeth play - Copy.docx,9,2,2,0,1,4,0
Entire macbeth play.docx,8,0,1,0,5,2,0
Exam shit for English.docx,10,1,2,0,7,0,0
Macbeth - Dramatic Irony.docx,"Request failed with status code 400: {""ErrorType"":""Illegal parameter value"",""Message"":""The document is too long""}","Request failed with status code 400: {""ErrorType"":""Illegal parameter value"",""Message"":""The document is too long""}","Request failed with status code 400: {""ErrorType"":""Illegal parameter value"",""Message"":""The document is too long""}","Request failed with status code 400: {""ErrorType"":""Illegal parameter value"",""Message"":""The document is too long""}","Request failed with status code 400: {""ErrorType"":""Illegal parameter value"",""Message"":""The document is too long""}","Request failed with status code 400: {""ErrorType"":""Illegal parameter value"",""Message"":""The document is too long""}","Request failed with status code 400: {""ErrorType"":""Illegal parameter value"",""Message"":""The document is too long""}"
macbeth essay for the exam 2020.docx,"Request failed with status code 400: {""ErrorType"":""Illegal parameter value"",""Message"":""The document is too long""}","Request failed with status code 400: {""ErrorType"":""Illegal parameter value"",""Message"":""The document is too long""}","Request failed with status code 400: {""ErrorType"":""Illegal parameter value"",""Message"":""The document is too long""}","Request failed with status code 400: {""ErrorType"":""Illegal parameter value"",""Message"":""The document is too long""}","Request failed with status code 400: {""ErrorType"":""Illegal parameter value"",""Message"":""The document is too long""}","Request failed with status code 400: {""ErrorType"":""Illegal parameter value"",""Message"":""The document is too long""}","Request failed with status code 400: {""ErrorType"":""Illegal parameter value"",""Message"":""The document is too long""}"
Macbeth talks to himself again.docx,34,0,8,1,19,5,1
Macbeth.docx,4,0,2,0,1,1,0
The Divine Right of Kings.docx,22,2,7,0,9,4,0
Wadih English Notes.docx,10,3,0,1,6,0,0
Wadih Tannous Tuesday.docx,19,0,6,1,10,1,1
Wadih-Macbeth - Introduction.docx,21,3,8,1,9,0,0
Wadih-Macbeth.docx,5,0,0,0,4,1,0
03 - Media - Editorials-converted.docx,8,0,3,2,2,1,0
BEIRUT ENGLISH ASS TASK (1).docx,1,0,0,0,1,0,0
BEIRUT ENGLISH ASS TASK (2) (1) copy.docx,5,1,0,0,4,0,0
BEIRUT ENGLISH ASS TASK (2) (1).docx,1,0,0,0,1,0,0
BEIRUT ENGLISH ASS TASK (2).docx,16,2,6,0,5,3,0
BEIRUT ENGLISH ASS TASK.docx,14,1,6,0,4,3,0
Comparitive essay structure.docx,18,0,11,0,3,3,1
Harper Lee 1.docx,14,1,6,0,4,3,0
What are the Jim Crowe Laws.docx,9,0,5,0,2,2,0
1960 TO KILL A MOCKINGBIRD by Harper Lee Copyright.docx,8,0,5,0,3,0,0
Prejudice and persecution.docx,5,1,3,0,0,0,1
Prejudice is when a person negatively pre.docx,5,0,3,0,1,1,0
TKAMB VS THE BLINDSIDE.docx,"Request failed with status code 400: {""ErrorType"":""Illegal parameter value"",""Message"":""The document is too long""}","Request failed with status code 400: {""ErrorType"":""Illegal parameter value"",""Message"":""The document is too long""}","Request failed with status code 400: {""ErrorType"":""Illegal parameter value"",""Message"":""The document is too long""}","Request failed with status code 400: {""ErrorType"":""Illegal parameter value"",""Message"":""The document is too long""}","Request failed with status code 400: {""ErrorType"":""Illegal parameter value"",""Message"":""The document is too long""}","Request failed with status code 400: {""ErrorType"":""Illegal parameter value"",""Message"":""The document is too long""}","Request failed with status code 400: {""ErrorType"":""Illegal parameter value"",""Message"":""The document is too long""}"
To Kill A Mockingbird - Full Text PDF.docx,12,2,3,0,6,0,1
comparitive essay.docx,3,0,1,0,2,0,0
English assignments.docx,17,1,6,0,8,1,1
english thing prize crap.docx,"Request failed with status code 400: {""ErrorType"":""Illegal parameter value"",""Message"":""The document is too long""}","Request failed with status code 400: {""ErrorType"":""Illegal parameter value"",""Message"":""The document is too long""}","Request failed with status code 400: {""ErrorType"":""Illegal parameter value"",""Message"":""The document is too long""}","Request failed with status code 400: {""ErrorType"":""Illegal parameter value"",""Message"":""The document is too long""}","Request failed with status code 400: {""ErrorType"":""Illegal parameter value"",""Message"":""The document is too long""}","Request failed with status code 400: {""ErrorType"":""Illegal parameter value"",""Message"":""The document is too long""}","Request failed with status code 400: {""ErrorType"":""Illegal parameter value"",""Message"":""The document is too long""}"
Essay Structure.docx,21,0,10,2,3,4,2
I walked briskly towards the ship in which I would be boarding which was taking off in a few minutes copy.docx,11,0,4,0,6,0,1
I walked briskly towards the ship in which I would be boarding which was taking off in a few minutes.docx,7,0,2,0,1,4,0
Year 9 English Comparitive essay sacffold.docx,0,0,0,0,0,0,0
yeet.docx,106,7,82,3,7,7,0
1 - THR - Basketball questions.docx,109,7,82,3,10,7,0
english essay.docx,0,0,0,0,0,0,0
Literary Techniques.docx,"Request failed with status code 400: {""ErrorType"":""Illegal parameter value"",""Message"":""The document is too long""}","Request failed with status code 400: {""ErrorType"":""Illegal parameter value"",""Message"":""The document is too long""}","Request failed with status code 400: {""ErrorType"":""Illegal parameter value"",""Message"":""The document is too long""}","Request failed with status code 400: {""ErrorType"":""Illegal parameter value"",""Message"":""The document is too long""}","Request failed with status code 400: {""ErrorType"":""Illegal parameter value"",""Message"":""The document is too long""}","Request failed with status code 400: {""ErrorType"":""Illegal parameter value"",""Message"":""The document is too long""}","Request failed with status code 400: {""ErrorType"":""Illegal parameter value"",""Message"":""The document is too long""}"
Term 1 English Assessment Task- Year  9.1 and  Year 9.2 copy.docx,19,1,7,1,4,3,3
Discuss the ways that conflict and love are shown in Romeo and Juliet.docx,16,2,6,1,5,2,0
Romeo and Juliet.docx,17,2,2,1,7,3,2
Year 9 Exam Notification 2019.docx,0,0,0,0,0,0,0
(Refined) English.docx,2,0,1,0,0,0,1
ENGLISH TASK TERM 3.docx,"Request failed with status code 400: {""ErrorType"":""Illegal parameter value"",""Message"":""The document is too long""}","Request failed with status code 400: {""ErrorType"":""Illegal parameter value"",""Message"":""The document is too long""}","Request failed with status code 400: {""ErrorType"":""Illegal parameter value"",""Message"":""The document is too long""}","Request failed with status code 400: {""ErrorType"":""Illegal parameter value"",""Message"":""The document is too long""}","Request failed with status code 400: {""ErrorType"":""Illegal parameter value"",""Message"":""The document is too long""}","Request failed with status code 400: {""ErrorType"":""Illegal parameter value"",""Message"":""The document is too long""}","Request failed with status code 400: {""ErrorType"":""Illegal parameter value"",""Message"":""The document is too long""}"
jimbroski allah shurpa muhammed fcuk.docx,0,0,0,0,0,0,0
Quotes to memorise.docx,18,5,2,0,4,5,2
reflection.docx,17,0,4,1,7,4,1
Year 9 English History Integrated Task 2019.docx,4,0,0,0,4,0,0
1 - CF - Introduction to genre.docx,8,2,2,0,0,4,0
English Study Notes.docx,2,0,0,0,1,1,0
Bibliography Table - Religion.docx,2,0,1,0,1,0,0
HSC NOTES.docx,8,0,1,0,3,4,0
geo assessment description.docx,21,6,2,2,4,5,2
Geography assignment (1).docx,0,0,0,0,0,0,0
Geography assignment.docx,5,0,1,0,1,2,1
go.docx,1,0,1,0,0,0,0
natural resource depletion.docx,22,1,5,1,9,5,1
Wadih Tannous Geo Assignment Task 1.docx,20,1,5,1,7,5,1
Week 9 Geo work.docx,6,2,2,1,0,0,1
Case Study- Environmental Change & Management.docx,19,1,5,2,8,2,1
Coastal Environments.docx,15,0,6,1,3,5,0
geo - costal areas .docx,11,0,3,1,5,0,2
Geography Study Notes (1).docx,0,0,0,0,0,0,0
Geography Study Notes.docx,11,0,2,0,8,0,1
How do deposition and erosion change coasts.docx,1,0,0,0,1,0,0
land degradation - 13 Inland water - 14 .docx,19,1,7,0,4,6,1
Constructing population pyramids.docx,19,1,7,0,4,6,1
doc-20598.docx,1,0,0,0,1,0,0
doc-20599.docx,"Request failed with status code 500: {""ErrorType"":""Server-side error"",""Message"":""An unexpected server error""}","Request failed with status code 500: {""ErrorType"":""Server-side error"",""Message"":""An unexpected server error""}","Request failed with status code 500: {""ErrorType"":""Server-side error"",""Message"":""An unexpected server error""}","Request failed with status code 500: {""ErrorType"":""Server-side error"",""Message"":""An unexpected server error""}","Request failed with status code 500: {""ErrorType"":""Server-side error"",""Message"":""An unexpected server error""}","Request failed with status code 500: {""ErrorType"":""Server-side error"",""Message"":""An unexpected server error""}","Request failed with status code 500: {""ErrorType"":""Server-side error"",""Message"":""An unexpected server error""}"
Examine the nature of.docx,9,0,4,0,5,0,0
geo scatter graph.docx,9,2,3,0,2,2,0
Geography Debate.docx,0,0,0,0,0,0,0
How do we measure development.docx,2,0,1,0,0,0,1
How does population affect development and wellbeing.docx,3,1,0,0,2,0,0
Interpreting a cartogram.docx,24,1,7,4,7,4,1
What are quantitative indicators.docx,5,0,2,1,2,0,0
What are reasons for internal variations.docx,3,0,2,1,0,0,0
Yr 10 Geo History Integrated Task 2020 (1).docx,12,1,7,0,3,0,1
Yr 10 Geo History Integrated Task 2020 (2) (1).docx,4,0,2,0,1,1,0
Yr 10 Geo History Integrated Task 2020 (3).docx,5,0,3,0,0,2,0
2.2 What are Biomes_.docx,8,0,3,1,1,3,0
2019 Y.9 Geo asessment Task 1 EDITED (1) (1).docx,17,0,8,1,3,5,0
2019 Y.9 Geo asessment Task 1 EDITED (1).docx,3,0,2,1,0,0,0
BIOMES.docx,7,0,1,0,4,2,0
Geography assessment.docx,0,0,0,0,0,0,0
geography crap.docx,23,6,6,0,11,0,0
How have we increased our food.docx,22,0,20,0,1,0,1
5 step plan to feed the world.docx,10,0,2,5,0,2,1
Assess the capacity of biomes to produce food in the future.docx,31,1,20,2,4,4,0
food production essay scaffold .docx,12,2,3,0,4,3,0
Food Security.docx,4,0,2,1,1,0,0
Geo Notes.docx,26,1,8,4,9,3,1
geography 5.10.docx,3,0,1,1,0,1,0
How does water security affect food production.docx,16,1,10,0,1,4,0
Jiggefyyy.docx,8,0,1,1,4,2,0
meals on wheels.docx,6,3,0,1,1,1,0
The hunger project.docx,29,1,9,3,11,4,1
Why do people move to urban places_.docx,13,1,8,1,2,1,0
geogrpahy rat crap.docx,5,0,0,2,0,3,0
Geo multiple choice.docx,11,4,2,0,4,0,1
geography crap harambe allah .docx,1,0,1,0,0,0,0
Proposal.docx,5,0,1,1,0,2,1
The Mind Matters.docx,6,0,5,0,1,0,0
Jayden Okunbor health assignment.docx,1,0,0,0,1,0,0
Health assignment.docx,11,0,5,0,3,3,0
Health Study Notes.docx,19,1,10,1,3,4,0
Coke assignment.docx,27,3,9,0,5,9,1
health bibliography.docx,0,0,0,0,0,0,0
health.docx,15,0,4,4,3,2,2
Assimilation Policy and Forcible Removal.docx,20,0,15,2,2,1,0
History Assignment.docx,0,0,0,0,0,0,0
History source.docx,30,3,9,3,8,6,1
Significance of the UDHR.docx,10,0,9,0,1,0,0
yr 10 History Ass 1 copy.docx,20,0,9,1,7,3,0
yr 10 History Ass 1.docx,6,2,0,0,2,2,0
his study notes wadih tannous (1).docx,9,0,4,1,2,2,0
his study notes wadih tannous.docx,4,0,2,0,2,0,0
Quiz - Civil Rights Movement .docx,4,0,2,0,2,0,0
05 MAD.docx,26,4,3,0,12,5,2
06 Who Won the Space Race.docx,29,5,3,0,12,6,3
07 Space Race Source Analysis Activity.docx,1,0,0,0,1,0,0
History Berlin Wall.docx,4,0,0,2,1,1,0
Agent Orange Video Questions (1).doc,5,0,1,0,1,2,1
Vietnam War.docx,"Request failed with status code 500: {""ErrorType"":""Server-side error"",""Message"":""An unexpected server error""}","Request failed with status code 500: {""ErrorType"":""Server-side error"",""Message"":""An unexpected server error""}","Request failed with status code 500: {""ErrorType"":""Server-side error"",""Message"":""An unexpected server error""}","Request failed with status code 500: {""ErrorType"":""Server-side error"",""Message"":""An unexpected server error""}","Request failed with status code 500: {""ErrorType"":""Server-side error"",""Message"":""An unexpected server error""}","Request failed with status code 500: {""ErrorType"":""Server-side error"",""Message"":""An unexpected server error""}","Request failed with status code 500: {""ErrorType"":""Server-side error"",""Message"":""An unexpected server error""}"
history crap.docx,16,4,4,1,5,1,1
Industrial revolution assignment.docx,Error reading file,Error reading file,Error reading file,Error reading file,Error reading file,Error reading file,Error reading file
Year 9 Task 1 Industrial Revolution .docx,Error reading file,Error reading file,Error reading file,Error reading file,Error reading file,Error reading file,Error reading file
history.docx,1,0,1,0,0,0,0
Adolf Hitler was conceived on April 20.docx,23,4,6,1,4,5,3
HIS 9 WW2 Quiz.docx,21,4,8,1,2,5,1
his 9 ww2 timeline.docx,1,0,1,0,0,0,0
History notes.docx,6,1,0,1,3,1,0
History Semester 2 Study Notes.docx,17,1,3,3,6,2,2
History Study Notes.docx,7,1,4,1,0,1,0
The Treaty of Versailles (1).docx,9,4,5,0,0,0,0
The Treaty of Versailles.docx,32,2,8,2,13,1,6
WWI.docx MC Quiz.docx,10,7,1,0,1,0,1
Lesson for 31-3 and  1-4-2020.docx,46,1,34,1,6,3,1
Drawing Straight Lines Worksheet.docx,"Request failed with status code 500: {""ErrorType"":""Server-side error"",""Message"":""An unexpected server error""}","Request failed with status code 500: {""ErrorType"":""Server-side error"",""Message"":""An unexpected server error""}","Request failed with status code 500: {""ErrorType"":""Server-side error"",""Message"":""An unexpected server error""}","Request failed with status code 500: {""ErrorType"":""Server-side error"",""Message"":""An unexpected server error""}","Request failed with status code 500: {""ErrorType"":""Server-side error"",""Message"":""An unexpected server error""}","Request failed with status code 500: {""ErrorType"":""Server-side error"",""Message"":""An unexpected server error""}","Request failed with status code 500: {""ErrorType"":""Server-side error"",""Message"":""An unexpected server error""}"
Maths task.docx,"Request failed with status code 500: {""ErrorType"":""Server-side error"",""Message"":""An unexpected server error""}","Request failed with status code 500: {""ErrorType"":""Server-side error"",""Message"":""An unexpected server error""}","Request failed with status code 500: {""ErrorType"":""Server-side error"",""Message"":""An unexpected server error""}","Request failed with status code 500: {""ErrorType"":""Server-side error"",""Message"":""An unexpected server error""}","Request failed with status code 500: {""ErrorType"":""Server-side error"",""Message"":""An unexpected server error""}","Request failed with status code 500: {""ErrorType"":""Server-side error"",""Message"":""An unexpected server error""}","Request failed with status code 500: {""ErrorType"":""Server-side error"",""Message"":""An unexpected server error""}"
closing Criminal Prosecution (1) (1).docx,27,1,9,0,15,2,0
closing Criminal Prosecution.docx,19,1,10,3,5,0,0
Closing defence criminal.docx,6,1,1,2,1,1,0
Closing Plaintiff Civil round 3 2020 copy.docx,48,1,40,0,6,1,0
Closing Plaintiff Civil.docx,19,2,3,0,7,7,0
closing staement (1).docx,17,2,1,0,9,5,0
closing staement (2).docx,"Request failed with status code 500: {""ErrorType"":""Server-side error"",""Message"":""An unexpected server error""}","Request failed with status code 500: {""ErrorType"":""Server-side error"",""Message"":""An unexpected server error""}","Request failed with status code 500: {""ErrorType"":""Server-side error"",""Message"":""An unexpected server error""}","Request failed with status code 500: {""ErrorType"":""Server-side error"",""Message"":""An unexpected server error""}","Request failed with status code 500: {""ErrorType"":""Server-side error"",""Message"":""An unexpected server error""}","Request failed with status code 500: {""ErrorType"":""Server-side error"",""Message"":""An unexpected server error""}","Request failed with status code 500: {""ErrorType"":""Server-side error"",""Message"":""An unexpected server error""}"
closing staement copy.docx,26,1,7,1,9,6,2
closing staement.docx,22,1,10,1,7,2,1
Closing Statement Elimination Round 3.docx,29,0,13,1,8,6,1
criminalkhara .docx,25,0,11,1,8,4,1
Mock Trial Questions.docx,24,0,11,1,8,3,1
Nuisance.docx,33,0,14,0,10,8,1
Opening .docx,23,2,13,1,3,2,2
Please state your name and age to the honorable court.docx,20,2,1,0,10,7,0
Professional-and-Legal-Responsibilities-of-Teachers.doc,3,0,2,0,0,0,1
Put it to them.docx,6,0,2,0,2,2,0
questions .docx,10,3,2,0,3,2,0
rou2.docx,5,1,1,0,2,0,1
Round 3 - Plaintiff Script (1) copy-converted.docx,Error reading file,Error reading file,Error reading file,Error reading file,Error reading file,Error reading file,Error reading file
So you had been at the three monkeys pub with your good friend.docx,Error reading file,Error reading file,Error reading file,Error reading file,Error reading file,Error reading file,Error reading file
Your honour.docx,26,3,8,1,9,4,1
Multimedia.docx,5,1,1,0,3,0,0
Mutlimedia assignment.docx,15,1,6,0,5,3,0
Multimedia Project Folio - WADIH TANNOUS.docx,16,7,2,1,5,1,0
Multimedia Project Folio.docx,11,0,5,0,4,2,0
Multimedia multiple choice.docx,27,0,12,0,8,7,0
multimedia crap.docx,4,0,2,0,0,0,2
multi.docx,2,0,1,0,1,0,0
Multimedia Part B.docx,39,9,5,2,15,5,3
hadame khrits.docx,15,0,1,1,13,0,0
How does the resurrection of Jesus impact.docx,0,0,0,0,0,0,0
Liturgy of the Word schema Sheet Students (1 per group)  (1).docx,28,0,12,2,11,2,1
Religion individual.docx,12,2,2,2,4,1,1
Suffering.docx,28,0,8,2,7,9,2
Yr 10 Religion Notification 2020 Task 1 (1).docx,20,0,4,0,10,4,2
Yr 10 Religion Notification 2020 Task 1.docx,6,0,2,0,0,3,1
a) The Black Death (Causes of the Reformation 1) copy.docx,7,4,1,0,0,2,0
a) The Black Death (Causes of the Reformation 1).docx,12,0,6,0,0,6,0
b) Indulgences (Causes of the Reformation 2).docx,13,0,5,1,4,2,1
c) Martin Luther 2.docx,8,1,3,0,2,1,1
c) Martin Luther.docx,8,1,3,0,2,1,1
e) Catholic Reform _ the Council of Trent (1).docx,15,1,7,1,2,3,1
Lesson 6 reformation recap.docx,16,1,8,1,2,3,1
Lesson 7 Reformers profile.docx,7,0,0,1,1,3,2
Marriage.docx,23,6,6,0,5,2,4
Priesthood.docx,11,1,3,0,3,1,3
Protestants and Catholic (Differences).docx,19,2,2,2,11,1,1
Sacrament of Matrimony.docx,5,3,0,0,2,0,0
Week 7 Mystagogy Activity 2020 Yr 10 Marriage (1).docx,3,1,0,0,2,0,0
Week 7 Mystagogy Activity 2020 Yr 10 Marriage.docx,6,0,3,0,2,1,0
Week 8 The Sacrament of Holy Orders (1).docx,3,0,2,0,0,1,0
Week 8 The Sacrament of Holy Orders (2).docx,0,0,0,0,0,0,0
Week 8 The Sacrament of Holy Orders.docx,12,2,5,0,2,3,0
Abortion is descried as a medical procedure in which a baby is executed inside the mothers womb predominantly for the reason of the mother having an unwanted pregnancy.docx,2,0,0,0,1,0,1
Conscience is the deepest part of the human person.docx,1,0,0,0,1,0,0
Consider whether all citizens within a country have equal access to services.docx,0,0,0,0,0,0,0
Magisterium of the church.docx,0,0,0,0,0,0,0
Moral Decision Making.docx,0,0,0,0,0,0,0
Religion Assignment Wadih Tannous.docx,25,2,7,0,9,4,3
religion lesson 3.docx,1,0,1,0,0,0,0
Religion work term 4.docx,4,3,1,0,0,0,0
Christian Love And The Kingdom Of God.docx,11,1,7,0,2,1,0
Year 9 Mystagogy Template.docx,15,0,7,3,3,1,1
Individual part for religion.docx,1,0,1,0,0,0,0
Liturgy of the Word schema for Students (1 per group).docx,9,0,3,1,3,2,0
Yr 09 Religion Notification 2019 Task 1.docx,3,0,0,0,1,2,0
religion assesmnt.docx,26,1,12,1,3,9,0
Religion.docx,0,0,0,0,0,0,0
Today many people are distancing themselves further from God.docx,16,1,9,0,2,3,1
what is prophey.docx,7,4,1,0,0,2,0
10SRP 2020 (plan).docx,6,0,2,0,2,1,1
EXAMPLES OF PROJECTS 2020.docx,6,0,0,0,3,2,1
Flame tests.docx,12,0,4,1,4,3,0
Logbook.docx,12,4,2,0,2,4,0
Setting up a logbook.docx,29,2,1,3,21,2,0
"Wadih, 10SRP plan template 2020.docx",6,0,2,0,2,2,0
Banquet scene 1971.docx,9,1,3,1,1,3,0
Genetics Terms you NEED to knowwadih.docx,10,7,0,0,3,0,0
history work on tech and crap.docx,11,1,6,0,2,2,0
Lesson 2 - 30.4.20.docx,6,0,4,0,0,0,2
Lesson 3 - 04.04.20 - Elie Joukhadar.docx,24,8,7,0,5,3,1
Lesson 3 - 04.04.20.docx,5,0,2,0,3,0,0
Lesson 4 - 07.04.20.docx,0,0,0,0,0,0,0
Lesson 7 - 13.05.20.docx,5,0,3,0,2,0,0
Lesson 8 - 14.05.20.docx,12,0,4,0,6,2,0
Macmeth work wadih.docx,4,0,2,0,2,0,0
SCIENCE 18th May.docx,1,0,1,0,0,0,0
Science notes.docx,1,0,1,0,0,0,0
wadih.docx,3,0,1,0,0,2,0
A scalar quantity is the actual distance.docx,5,0,2,0,0,3,0
Average Speed (1).docx,13,1,1,2,5,4,0
Average Speed.docx,7,4,0,0,3,0,0
Electricity at work.docx,7,1,0,2,4,0,0
Motion Worksheet.docx,3,0,0,2,0,1,0
Speed and velocity.docx,0,0,0,0,0,0,0
1.5 ANSWERS.docx,0,0,0,0,0,0,0
doc-23490.docx,0,0,0,0,0,0,0
Human Brain.docx,15,0,5,1,9,0,0
Science homework.docx,Error reading file,Error reading file,Error reading file,Error reading file,Error reading file,Error reading file,Error reading file
Year 9 Assessment Task 1 2019.docx,Error reading file,Error reading file,Error reading file,Error reading file,Error reading file,Error reading file,Error reading file
Classwork Tuesday 7th May 2019.docx,0,0,0,0,0,0,0
doc-12737.docx,3,0,0,1,1,1,0
doc-12739.docx,7,2,3,0,1,0,1
doc-12740.docx,0,0,0,0,0,0,0
volcanos.docx,14,2,8,0,0,1,3
Mandalins notes.docx,1,0,1,0,0,0,0
Science exam notes.docx,43,10,23,2,4,2,2
Science study notes.docx,7,1,6,0,0,0,0
A wave is made by the movement of a particle.docx,0,0,0,0,0,0,0
Science homework 24.docx,4,2,1,0,1,0,0
Science notes (4).docx,23,0,9,0,10,1,3
Science notes semester 2.docx,"Request failed with status code 400: {""ErrorType"":""Illegal parameter value"",""Message"":""The document is too long""}","Request failed with status code 400: {""ErrorType"":""Illegal parameter value"",""Message"":""The document is too long""}","Request failed with status code 400: {""ErrorType"":""Illegal parameter value"",""Message"":""The document is too long""}","Request failed with status code 400: {""ErrorType"":""Illegal parameter value"",""Message"":""The document is too long""}","Request failed with status code 400: {""ErrorType"":""Illegal parameter value"",""Message"":""The document is too long""}","Request failed with status code 400: {""ErrorType"":""Illegal parameter value"",""Message"":""The document is too long""}","Request failed with status code 400: {""ErrorType"":""Illegal parameter value"",""Message"":""The document is too long""}"
Mechanical and Electrical Actuation Systems.docx,34,2,8,1,19,4,0
Stem Project Proposal.docx,69,3,16,3,35,9,3
stem.docx,7,0,3,0,1,2,1
Year 10 STEM task 1 2020.docx,5,1,0,0,2,1,1
Stem Project Proposal 2 (1).docx,6,0,1,0,2,2,1
Stem Project Proposal 2.docx,6,0,1,0,2,2,1
Define input and output systems.docx,2,0,1,0,0,0,1
Importance of data collection.docx,24,2,14,4,2,1,1
Space Race.docx,0,0,0,0,0,0,0
mission r ray.docx,1,0,1,0,0,0,0
stem crap end of term.docx,24,2,14,4,1,2,1
Wadih Tannous ISS Stem ass.docx,26,2,14,4,2,3,1
stem assessment.docx,1,0,0,0,1,0,0
stem individual.docx,3,0,1,1,1,0,0
Contents Page.docx,24,2,6,2,10,4,0
static and dynamic.docx,27,2,4,0,13,8,0
Stem ass S2.docx,0,0,0,0,0,0,0
Stem copy.docx,25,0,14,1,6,4,0
commerce notes.docx,1,0,1,0,0,0,0
ENGLISH - Macbeth values.docx,29,0,8,1,10,9,1
English notes.docx,19,0,7,0,5,7,0
A person should be judged on their characteristics.docx,3,0,1,0,1,0,1
Definitions for exam.docx,21,0,8,0,5,8,0
English hw - tom robinsons trial.docx,10,1,2,1,4,2,0
Geography.docx,41,19,4,0,11,6,1
HIstory NOtes copy.docx,12,1,3,0,6,2,0
Key characters in the novel 2.docx,27,6,4,2,11,3,1
Multimedia notes.docx,19,4,6,0,4,5,0
Multimedia Study Notes.docx,2,0,1,0,1,0,0
PDHPE.docx,17,1,3,1,6,6,0
Science notes copy.docx,21,7,2,0,7,3,2
Year 10 English Study Notes (1).docx,4,0,3,0,0,0,1
geonotif.docx,3,0,1,0,1,1,0
historynotif.docx,20,2,4,2,6,4,2
sciencenotif.docx,21,1,3,1,9,3,4
Task 5-yr 10- 5-3- 2020 Exam Notification.docx,8,1,1,0,4,2,0
English Assignment copy.docx,50,6,16,4,14,6,4
English draft (1) (1).docx,3,0,2,0,0,0,1
English draft 2 .docx,0,0,0,0,0,0,0
English Preliminary course 2021.docx,0,0,0,0,0,0,0
english work class gatsby allah.docx,0,0,0,0,0,0,0
Home Burial - Analysis and Questions (1).docx,1,0,1,0,0,0,0
I wake up.docx,29,0,17,3,7,2,0
The Great Gatsby.docx,23,0,9,0,6,8,0
BatmanBeginsJ.docx,24,0,11,1,5,7,0
The statement in which.docx,1,0,1,0,0,0,0
Wadih Tannous.docx,15,2,3,1,5,3,1
zabronskis .docx,18,6,4,1,5,0,2
The Good.docx,53,3,19,0,24,6,1
Wadih Tannous Script.docx,"Request failed with status code 400: {""ErrorType"":""Illegal parameter value"",""Message"":""The document is too long""}","Request failed with status code 400: {""ErrorType"":""Illegal parameter value"",""Message"":""The document is too long""}","Request failed with status code 400: {""ErrorType"":""Illegal parameter value"",""Message"":""The document is too long""}","Request failed with status code 400: {""ErrorType"":""Illegal parameter value"",""Message"":""The document is too long""}","Request failed with status code 400: {""ErrorType"":""Illegal parameter value"",""Message"":""The document is too long""}","Request failed with status code 400: {""ErrorType"":""Illegal parameter value"",""Message"":""The document is too long""}","Request failed with status code 400: {""ErrorType"":""Illegal parameter value"",""Message"":""The document is too long""}"
01 - Othello - Module Intro (new).docx,6,0,2,1,3,0,0
Othello is just as much a victim of his own weakness as he is of Iago.docx,3,0,1,0,2,0,0
othellonotesenglish.docx,6,0,5,0,0,1,0
Shakespeare.docx,11,6,1,0,1,3,0
ENGLISH LITERARY TECHNIQUES 2.docx,10,0,3,0,4,3,0
1981 ver2.0.docx,"Request failed with status code 500: {""ErrorType"":""Server-side error"",""Message"":""An unexpected server error""}","Request failed with status code 500: {""ErrorType"":""Server-side error"",""Message"":""An unexpected server error""}","Request failed with status code 500: {""ErrorType"":""Server-side error"",""Message"":""An unexpected server error""}","Request failed with status code 500: {""ErrorType"":""Server-side error"",""Message"":""An unexpected server error""}","Request failed with status code 500: {""ErrorType"":""Server-side error"",""Message"":""An unexpected server error""}","Request failed with status code 500: {""ErrorType"":""Server-side error"",""Message"":""An unexpected server error""}","Request failed with status code 500: {""ErrorType"":""Server-side error"",""Message"":""An unexpected server error""}"
English ext 1980.docx,26,5,9,1,10,1,0
Independent Investigation.docx,45,8,10,0,25,2,0
ONE-NINE-EIGHT-ONE.docx,74,10,20,2,39,2,1
eng ext assignment.docx,80,11,22,3,40,2,2
eng ext assignment_CKedit (1).docx,13,0,2,0,8,3,0
eng ext assignment_CKedit.docx,"Request failed with status code 500: {""ErrorType"":""Server-side error"",""Message"":""An unexpected server error""}","Request failed with status code 500: {""ErrorType"":""Server-side error"",""Message"":""An unexpected server error""}","Request failed with status code 500: {""ErrorType"":""Server-side error"",""Message"":""An unexpected server error""}","Request failed with status code 500: {""ErrorType"":""Server-side error"",""Message"":""An unexpected server error""}","Request failed with status code 500: {""ErrorType"":""Server-side error"",""Message"":""An unexpected server error""}","Request failed with status code 500: {""ErrorType"":""Server-side error"",""Message"":""An unexpected server error""}","Request failed with status code 500: {""ErrorType"":""Server-side error"",""Message"":""An unexpected server error""}"
eng ext.docx,8,2,0,1,4,1,0
english extension assignment rebecca[95].docx,9,3,3,0,3,0,0
English Extension Rebecca.docx,19,0,6,0,6,6,1
English Extension Rebecca_CKedit (1).docx,"Request failed with status code 400: {""ErrorType"":""Illegal parameter value"",""Message"":""The document is too long""}","Request failed with status code 400: {""ErrorType"":""Illegal parameter value"",""Message"":""The document is too long""}","Request failed with status code 400: {""ErrorType"":""Illegal parameter value"",""Message"":""The document is too long""}","Request failed with status code 400: {""ErrorType"":""Illegal parameter value"",""Message"":""The document is too long""}","Request failed with status code 400: {""ErrorType"":""Illegal parameter value"",""Message"":""The document is too long""}","Request failed with status code 400: {""ErrorType"":""Illegal parameter value"",""Message"":""The document is too long""}","Request failed with status code 400: {""ErrorType"":""Illegal parameter value"",""Message"":""The document is too long""}"
English Extension Rebecca_CKedit.docx,"Request failed with status code 500: {""ErrorType"":""Server-side error"",""Message"":""An unexpected server error""}","Request failed with status code 500: {""ErrorType"":""Server-side error"",""Message"":""An unexpected server error""}","Request failed with status code 500: {""ErrorType"":""Server-side error"",""Message"":""An unexpected server error""}","Request failed with status code 500: {""ErrorType"":""Server-side error"",""Message"":""An unexpected server error""}","Request failed with status code 500: {""ErrorType"":""Server-side error"",""Message"":""An unexpected server error""}","Request failed with status code 500: {""ErrorType"":""Server-side error"",""Message"":""An unexpected server error""}","Request failed with status code 500: {""ErrorType"":""Server-side error"",""Message"":""An unexpected server error""}"
ext anaysis of the analysis.docx,"Request failed with status code 500: {""ErrorType"":""Server-side error"",""Message"":""An unexpected server error""}","Request failed with status code 500: {""ErrorType"":""Server-side error"",""Message"":""An unexpected server error""}","Request failed with status code 500: {""ErrorType"":""Server-side error"",""Message"":""An unexpected server error""}","Request failed with status code 500: {""ErrorType"":""Server-side error"",""Message"":""An unexpected server error""}","Request failed with status code 500: {""ErrorType"":""Server-side error"",""Message"":""An unexpected server error""}","Request failed with status code 500: {""ErrorType"":""Server-side error"",""Message"":""An unexpected server error""}","Request failed with status code 500: {""ErrorType"":""Server-side error"",""Message"":""An unexpected server error""}"
ext linguistics article.docx,17,0,7,0,6,3,1
Last night I dreamt I went to Manderley again.docx,"Request failed with status code 400: {""ErrorType"":""Illegal parameter value"",""Message"":""The document is too long""}","Request failed with status code 400: {""ErrorType"":""Illegal parameter value"",""Message"":""The document is too long""}","Request failed with status code 400: {""ErrorType"":""Illegal parameter value"",""Message"":""The document is too long""}","Request failed with status code 400: {""ErrorType"":""Illegal parameter value"",""Message"":""The document is too long""}","Request failed with status code 400: {""ErrorType"":""Illegal parameter value"",""Message"":""The document is too long""}","Request failed with status code 400: {""ErrorType"":""Illegal parameter value"",""Message"":""The document is too long""}","Request failed with status code 400: {""ErrorType"":""Illegal parameter value"",""Message"":""The document is too long""}"
Science.docx,18,1,11,0,4,2,0
The Linguistics of imaginary narrative spaces in daphne du mauriers rebecca.docx,18,1,11,0,4,2,0
Within my independent investigation.docx,28,2,14,0,9,3,0
English extension Story copy.docx,27,1,7,1,10,6,2
English extension Story.docx,12,4,6,0,2,0,0
Feminist Literary theory.docx,38,0,15,4,6,10,3
INDEPEMDENT INVESTIGATION JOURNAL.docx,5,2,1,0,0,2,0
Neo Luddite.docx,20,2,1,1,11,4,1
Postmodern literary theory.docx,18,0,3,0,5,7,3
POSTMODERNISM LITERARY THEORY.docx,32,2,17,0,8,4,1
To what extent have TWO texts of your choosing shown the negative impacts of technology in our world.docx,37,4,18,0,10,4,1
Annotating a Band 6 Essay.docx,19,0,6,1,10,1,1
Answering exam question.docx,6,0,3,0,2,1,0
Year 11 REVISION 2021.docx,54,8,12,2,26,5,1
Legal Assignment 1.docx,2,0,0,0,2,0,0
Legal studies assignment Task 1 2021 (1).docx,11,0,1,0,9,1,0
Speech.docx,19,2,7,2,4,3,1
wadih (1) (1).docx,2,0,2,0,0,0,0
wadih (1) (2) (1).docx,17,0,6,1,6,3,1
wadih (1) (2).docx,33,8,14,1,6,3,1
wadih (1).docx,28,0,12,0,8,8,0
wadih 2 articles lookd at (1) (1).docx,33,1,11,3,15,3,0
wadih 2 articles lookd at (1).docx,11,0,3,0,6,2,0
wadih 2 articles lookd at.docx,23,2,9,0,9,3,0
Year 11 Mathematics Standard 2 Assessment Task 1 2021 Notification final (1).docx,33,2,14,0,10,7,0
Yr11 Legal Studies Ass 1 Media 2021.docx,28,2,10,0,11,5,0
R V SINGH.docx,37,2,11,3,17,4,0
CLosing Statement (1).docx,37,0,18,0,10,9,0
CLosing Statement.docx,41,2,16,0,14,9,0
Cross examination for Charlie Mitchell.docx,38,2,14,0,14,8,0
Human Rights- Formal Statements of HR.docx,10,3,5,0,0,2,0
Human Rights.docx,6,5,1,0,0,0,0
KELI LANE case analyses.docx,10,1,6,0,1,2,0
The use of defences are irrefutable effective in achieving justice.docx,31,3,9,1,13,1,4
Wadihmoussatannouslegalassignment2 (1).docx,23,2,6,1,9,1,4
Wadihmoussatannouslegalassignment2.docx,11,1,2,0,5,2,1
wadihtannouslegalstudynotes (1).docx,46,5,25,1,12,3,0
wadihtannouslegalstudynotes.docx,5,2,1,0,1,1,0
11 Maths Standard task 2- Notification V3 (1).docx,49,3,11,1,32,2,0
11 Maths Standard task 2- Notification V3.docx,22,0,6,0,6,7,3
maths assignment task.docx,34,0,14,1,15,4,0
Research Table of Tsar.docx,18,1,6,1,7,3,0
The Holocaust was a systematic.docx,"Request failed with status code 400: {""ErrorType"":""Illegal parameter value"",""Message"":""The document is too long""}","Request failed with status code 400: {""ErrorType"":""Illegal parameter value"",""Message"":""The document is too long""}","Request failed with status code 400: {""ErrorType"":""Illegal parameter value"",""Message"":""The document is too long""}","Request failed with status code 400: {""ErrorType"":""Illegal parameter value"",""Message"":""The document is too long""}","Request failed with status code 400: {""ErrorType"":""Illegal parameter value"",""Message"":""The document is too long""}","Request failed with status code 400: {""ErrorType"":""Illegal parameter value"",""Message"":""The document is too long""}","Request failed with status code 400: {""ErrorType"":""Illegal parameter value"",""Message"":""The document is too long""}"
Modern History Ass 2 (Katerina Cordina).docx,"Request failed with status code 400: {""ErrorType"":""Illegal parameter value"",""Message"":""The document is too long""}","Request failed with status code 400: {""ErrorType"":""Illegal parameter value"",""Message"":""The document is too long""}","Request failed with status code 400: {""ErrorType"":""Illegal parameter value"",""Message"":""The document is too long""}","Request failed with status code 400: {""ErrorType"":""Illegal parameter value"",""Message"":""The document is too long""}","Request failed with status code 400: {""ErrorType"":""Illegal parameter value"",""Message"":""The document is too long""}","Request failed with status code 400: {""ErrorType"":""Illegal parameter value"",""Message"":""The document is too long""}","Request failed with status code 400: {""ErrorType"":""Illegal parameter value"",""Message"":""The document is too long""}"
MODERN HISTORY CUBA.docx,1,0,1,0,0,0,0
mw work .docx,1,0,1,0,0,0,0
wadihtannoushistoryassignment.docx,29,6,22,0,0,1,0
A memorial is a fantastic way in showcasing and exhibiting the history of this world and delving into the nature of it.docx,1,0,0,0,1,0,0
Modern History WW1.docx,9,1,1,0,4,3,0
What is the content in the source.docx,26,1,10,2,6,5,2
allah.docx,13,2,6,0,1,4,0
Multimedia Assignment Wadih Tannous copy.docx,25,2,8,1,11,1,2
Multimedia Assignment Wadih Tannous.docx,"Request failed with status code 500: {""ErrorType"":""Server-side error"",""Message"":""An unexpected server error""}","Request failed with status code 500: {""ErrorType"":""Server-side error"",""Message"":""An unexpected server error""}","Request failed with status code 500: {""ErrorType"":""Server-side error"",""Message"":""An unexpected server error""}","Request failed with status code 500: {""ErrorType"":""Server-side error"",""Message"":""An unexpected server error""}","Request failed with status code 500: {""ErrorType"":""Server-side error"",""Message"":""An unexpected server error""}","Request failed with status code 500: {""ErrorType"":""Server-side error"",""Message"":""An unexpected server error""}","Request failed with status code 500: {""ErrorType"":""Server-side error"",""Message"":""An unexpected server error""}"
Multimedia Homework.docx,1,0,0,0,1,0,0
Multimedia input and output devices.docx,"Request failed with status code 400: {""ErrorType"":""Illegal parameter value"",""Message"":""The document is too long""}","Request failed with status code 400: {""ErrorType"":""Illegal parameter value"",""Message"":""The document is too long""}","Request failed with status code 400: {""ErrorType"":""Illegal parameter value"",""Message"":""The document is too long""}","Request failed with status code 400: {""ErrorType"":""Illegal parameter value"",""Message"":""The document is too long""}","Request failed with status code 400: {""ErrorType"":""Illegal parameter value"",""Message"":""The document is too long""}","Request failed with status code 400: {""ErrorType"":""Illegal parameter value"",""Message"":""The document is too long""}","Request failed with status code 400: {""ErrorType"":""Illegal parameter value"",""Message"":""The document is too long""}"
"Mutlimedia Hw, research tools.docx",17,1,3,1,5,7,0
wadihtannousmultiassignment.docx,"Request failed with status code 500: {""ErrorType"":""Server-side error"",""Message"":""An unexpected server error""}","Request failed with status code 500: {""ErrorType"":""Server-side error"",""Message"":""An unexpected server error""}","Request failed with status code 500: {""ErrorType"":""Server-side error"",""Message"":""An unexpected server error""}","Request failed with status code 500: {""ErrorType"":""Server-side error"",""Message"":""An unexpected server error""}","Request failed with status code 500: {""ErrorType"":""Server-side error"",""Message"":""An unexpected server error""}","Request failed with status code 500: {""ErrorType"":""Server-side error"",""Message"":""An unexpected server error""}","Request failed with status code 500: {""ErrorType"":""Server-side error"",""Message"":""An unexpected server error""}"
Audio.docx,"Request failed with status code 500: {""ErrorType"":""Server-side error"",""Message"":""An unexpected server error""}","Request failed with status code 500: {""ErrorType"":""Server-side error"",""Message"":""An unexpected server error""}","Request failed with status code 500: {""ErrorType"":""Server-side error"",""Message"":""An unexpected server error""}","Request failed with status code 500: {""ErrorType"":""Server-side error"",""Message"":""An unexpected server error""}","Request failed with status code 500: {""ErrorType"":""Server-side error"",""Message"":""An unexpected server error""}","Request failed with status code 500: {""ErrorType"":""Server-side error"",""Message"":""An unexpected server error""}","Request failed with status code 500: {""ErrorType"":""Server-side error"",""Message"":""An unexpected server error""}"
5 - NTSOW - Aboriginal Dreamtime (1).docx,3,0,3,0,0,0,0
Religion notes.docx,8,7,0,0,1,0,0
exodus wadih tannous.docx,0,0,0,0,0,0,0
First day thierrd month after the Israelites left Egypt they went to camp at the front of the mountain at the desert of sinai.docx,16,1,3,0,11,1,0
God asked Moses to lead his people out of slavery in Egypt to the Promised Land.docx,"Request failed with status code 500: {""ErrorType"":""Server-side error"",""Message"":""An unexpected server error""}","Request failed with status code 500: {""ErrorType"":""Server-side error"",""Message"":""An unexpected server error""}","Request failed with status code 500: {""ErrorType"":""Server-side error"",""Message"":""An unexpected server error""}","Request failed with status code 500: {""ErrorType"":""Server-side error"",""Message"":""An unexpected server error""}","Request failed with status code 500: {""ErrorType"":""Server-side error"",""Message"":""An unexpected server error""}","Request failed with status code 500: {""ErrorType"":""Server-side error"",""Message"":""An unexpected server error""}","Request failed with status code 500: {""ErrorType"":""Server-side error"",""Message"":""An unexpected server error""}"
I will be your God and you will be my people.docx,9,0,2,0,4,3,0
Jewish streams.docx,16,6,1,2,5,1,1
What is religion.docx,13,7,2,0,3,1,0
Christian Reformists.docx,13,4,5,0,1,3,0
Introduction to Islam.docx,57,16,13,0,16,10,2
Sacred Texts and Writings.docx,2,1,0,0,1,0,0
SOR ASS (1).docx,4,2,1,0,0,1,0
SOR ASS.docx,0,0,0,0,0,0,0
Arrival of Christianity table.docx,11,1,7,0,2,1,0
Arrival of Christianity.docx,23,2,6,1,10,3,1
Contribution of Christianity in Australia re 1945 to Education.docx,54,13,6,2,29,2,2
ISLAM & JUDAISM PRE 1945.docx,"Request failed with status code 500: {""ErrorType"":""Server-side error"",""Message"":""An unexpected server error""}","Request failed with status code 500: {""ErrorType"":""Server-side error"",""Message"":""An unexpected server error""}","Request failed with status code 500: {""ErrorType"":""Server-side error"",""Message"":""An unexpected server error""}","Request failed with status code 500: {""ErrorType"":""Server-side error"",""Message"":""An unexpected server error""}","Request failed with status code 500: {""ErrorType"":""Server-side error"",""Message"":""An unexpected server error""}","Request failed with status code 500: {""ErrorType"":""Server-side error"",""Message"":""An unexpected server error""}","Request failed with status code 500: {""ErrorType"":""Server-side error"",""Message"":""An unexpected server error""}"
Religion pre 1945 In Australia.docx,22,3,10,0,4,3,2
Religions of Ancient Origins.docx,22,1,6,1,4,9,1
SOR2 - The Characteristics of Nordic Religion.docx,0,0,0,0,0,0,0
ST CHARBEL WORKSHEET Wadih Tannous.docx,0,0,0,0,0,0,0
